Дата,Время,Номер,Производитель,Источник,Штрафстоянка
01/02/2020,10:42,е243ннАБХ,Хонда,Турчинского,Времена года 11
01/02/2020,10:58,а737ас98,Ауди,Вознесенского,Времена года 11
01/02/2020,11:28,м764ес123,Хендай,Гаражная,Времена года 11
01/02/2020,11:44,е722мв93,Мерседес,Гаражная,Времена года 11
01/02/2020,11:56,с357ма55,Деу,Гаражная,Времена года 11
01/02/2020,12:10,к725ув123,Лада,Гаражная,Времена года 11
01/02/2020,12:26,р204сс123,Форд,Эстонская,Времена года 11
01/02/2020,12:37,р407ат197,Пежо,Гаражная,Времена года 11
01/02/2020,12:53,к236су123,Фольцваген,Гаражная,Времена года 11
01/02/2020,13:43,е980мм199,Фольцваген,Гаражная,Времена года 11
01/02/2020,14:13,в811хе82,Лада,Турчинского,Времена года 11
01/02/2020,16:02,м334всАБХ,Лексус,Олимпийская,Времена года 11
01/02/2020,16:27,к004ко93,Тойота,Олимпийская,времена года 11
01/02/2020,16:52,т700сс23,Тойота,Олимпийских рекордов,Времена года 11
01/02/2020,17:24,м860ем161,Лада,Олимпийских рекордов,Времена года 11
01/03/2020,10:50,м726ок93,Лада,Гаражная,Времена года 11
01/03/2020,10:58,р700но152,Мини Купер,Гаражная,Времена года 11
01/03/2020,11:05,а773ок777,Форд,Гаражная,Времена года 11
01/03/2020,11:06,с562хс123,Хендай,Гаражная,Времена года 11
01/03/2020,11:17,р502сс123,Лада,Гаражная,Времена года 11
01/03/2020,11:18,а088еа92,Хонда,Гаражная,Времена года 11
01/03/2020,11:48,о004тт02,Лексус,Берёзовая,Времена года 11
01/03/2020,11:51,н207ер777,Мерседес,Берёзовая,Времена года 11
01/03/2020,12:04,е267ет08,Тойота,Берёзовая,Времена года 11
01/03/2020,12:11,к040мх199,Ауди,Берёзовая,Времена года 11
01/03/2020,12:18,е743та161,Ситроен,Берёзовая,Времена года 11
01/03/2020,12:30,а422мн799,Кия,Берёзовая,Времена года 11
01/03/2020,12:33,о986хк123,Тойота,Берёзовая,Времена года 11
01/03/2020,12:50,о354ур123,Кия,Берёзовая,Времена года 11
01/03/2020,12:51,с373ум123,Хендай,Берёзовая,Времена года 11
01/03/2020,13:11,н595ву123,Хонда,Берёзовая,Времена года 11
01/03/2020,13:55,у779рр09,Лифан,Эстонская,Времена года 11
01/03/2020,13:56,с359сс93,Тойота,Эстонская,Времена года 11
01/03/2020,14:04,м350сс123,Фольцваген,Эстонская,Времена года 11
01/03/2020,14:11,т085ке750,Шкода,Эстонская,Времена года 11
01/03/2020,14:32,е703ск93,Ниссан,Гаражная,Времена года 11
01/03/2020,14:32,м355рт123,Шкода,Гаражная,Времена года 11
01/03/2020,14:48,а134ха123,Ниссан,Гаражная,Времена года 11
01/03/2020,14:49,о565ат186,Кия,Гаражная,Времена года 11
01/03/2020,15:10,у933рт190,Мицубиси,Гаражная,Времена года 11
01/03/2020,15:11,т608ур123,БМВ,Гаражная,Времена года 11
01/03/2020,15:17,н038хх161,Тойота,Гаражная,Времена года 11
01/03/2020,15:18,к803ма82,Шевроле,Гаражная,Времена года 11
01/03/2020,15:56,с928ае116,Мицубиси,Гаражная,Времена года 11
01/04/2020,09:42,к772рр12,Хендай,Берёзовая,Времена года 11
01/04/2020,09:44,е454ае161,Лада,Берёзовая,Времена года 11
01/04/2020,10:04,н690от123,Лада,Берёзовая,Времена года 11
01/04/2020,10:05,х077рр93,Мерседес,Берёзовая,Времена года 11
01/04/2020,10:22,о160хн123,Рено,Гаражная,Времена года 11
01/04/2020,10:23,о571ту123,Кия,Гаражная,Времена года 11
01/04/2020,10:56,34 QS 698,БМВ,Гаражная,Времена года 11
01/04/2020,10:59,с021хе123,БМВ,Эстонская,Времена года 11
01/04/2020,11:40,к007ус123,Опель,Берёзовая,Времена года 11
01/04/2020,11:53,у781ра93,Форд,Гаражная,Времена года 11
01/04/2020,12:02,с639ув123,Лада,Гаражная,Времена года 11
01/04/2020,12:07,т569хс123,Рено,Гаражная,Времена года 11
01/04/2020,12:17,а333аа76,Тойота,Гаражная,Времена года 11
01/04/2020,12:24,н211ур123,Тойота,Гаражная,Времена года 11
01/04/2020,13:32,а790ув123,Кия,Эстонская,Времена года 11
01/04/2020,13:33,н767ур123,Кия,Эстонская,Времена года 11
01/04/2020,13:44,х574нс799,Вольво,Эстонская,Времена года 11
01/04/2020,13:47,х070кр123,Хендай,Эстонская,Времена года 11
01/04/2020,15:12,к435са123,Кия,Олимпийских рекордов,Времена года 11
01/04/2020,15:13,е111хе123,Хендай,Берёзовая,Времена года 11
01/04/2020,15:21,в970тс126,Инфинити,Гаражная,Времена года 11
01/04/2020,15:33,м456сс123,Форд,Гаражная,Времена года 11
01/04/2020,15:37,р747уо123,Тойота,Гаражная,Времена года 11
01/04/2020,15:51,р712км31,Лада,Эстонская,Времена года 11
01/05/2020,09:09,с900ее47,Кадилак,Просвещения,Демократическая 18
01/05/2020,09:17,р488хм64,Лада,Просвещения,Демократическая 18
01/05/2020,09:21,в242ск89,Инфинити,Воровского,Новая Заря 7
01/05/2020,09:27,о063ва799,БМВ,Воровского,Орджоникидзе 36
01/05/2020,09:34,с180ум123,Хендай,Роз,Орджоникидзе 36
01/05/2020,09:35,н744ву123,Шевроле,Гаражная,Времена года 11
01/05/2020,09:35,а911ор799,Фольцваген,Гаражная,Времена года 11
01/05/2020,09:37,е201уе178,Тойота,Роз,Орджоникидзе 36
01/05/2020,09:38,у016нн197,Мерседес,Островского,Новая Заря 7
01/05/2020,09:39,х422ев123,Форд,Роз,Орджоникидзе 36
01/05/2020,09:45,м928но93,Лада,Роз,Орджоникидзе 36
01/05/2020,09:59,т281вт197,Мицубиси,Переулок Электрический,Орджоникидзе 36
01/05/2020,10:20,е502ут196,Лада,Турчинского,Времена года 11
01/05/2020,10:23,у030ур77,Ягуар,Северная,Орджоникидзе 36
01/05/2020,10:25,н074вв125,Ниссан,Северная,Орджоникидзе 36
01/05/2020,10:27,у194ун77,Фольцваген,Турчинского,Времена года 11
01/05/2020,10:54,е086сх199,Субару,Турчинского,Времена года 11
01/05/2020,10:56,т728мт56,Лексус,Демократическая,Демократическая 18
01/05/2020,11:01,н555вс190,Тойота,Демократическая,Демократическая 18
01/05/2020,11:08,е089нх134,Лада,Турчинского,Времена года 11
01/05/2020,11:42,х292на199,Субару,Садовая,Демократическая 18
01/05/2020,11:47,т129сс123,Хендай,Воровского,Орджоникидзе 36
01/05/2020,11:55,с335ср177,БМВ,Просвещения,Демократическая 18
01/05/2020,11:56,с779он76,Рено,Роз,Орджоникидзе 36
01/05/2020,11:58,т543хт123,Рено,Просвещения,Демократическая 18
01/05/2020,11:59,о050кн93,Мерседес,Роз,Орджоникидзе 36
01/05/2020,12:00,к187ув34,Шевроле,Вознесенского,Времена года 11
01/05/2020,12:01,р030ун116,Вольво,Вознесенского,Времена года 11
01/05/2020,12:10,с910ок62,Фольцваген,Просвещения,Демократическая 18
01/05/2020,12:15,е607ку197,Сузуки,Просвещения,Демократическая 18
01/05/2020,12:24,н148ар93,Хендай,Амеловая,Времена года 11
01/05/2020,12:24,к247мо123,Лада,Амеловая,Времена года 11
01/05/2020,12:46,т977ун64,Лада,Амеловая,Времена года 11
01/05/2020,12:47,р010нс18,Кия,Амеловая,Времена года 11
01/05/2020,12:56,н715хс68,Ниссан,Курортный проспект,Орджоникидзе 36
01/05/2020,13:03,м888ус93,Тойота,Воровского,Орджоникидзе 36
01/05/2020,13:08,в686рх123,Рендж Ровер,Воровского,Орджоникидзе 36
01/05/2020,13:09,а436вм123,Мазда,Воровского,Орджоникидзе 36
01/05/2020,13:20,с530хт123,Рено,Воровского,Орджоникидзе 36
01/05/2020,13:23,к578ос174,Рено,Воровского,Орджоникидзе 36
01/05/2020,13:28,х509ме777,Хендай,Воровского,Орджоникидзе 36
01/05/2020,13:31,у825со123,Кия,Воровского,Орджоникидзе 36
01/05/2020,13:43,н289ов93,Тойота,Горького,Орджоникидзе 36
01/05/2020,13:49,е474во123,Тойота,Горького,Орджоникидзе 36
01/05/2020,13:51,а997мт123,Мазда,Горького,Орджоникидзе 36
01/05/2020,13:56,с472хт123,Лексус,Горького,Орджоникидзе 36
01/05/2020,14:01,н049ук123,Кия,Горького,Орджоникидзе 36
01/05/2020,14:14,х534нх123,Лада,Гаражная,Времена года 11
01/05/2020,14:15,у962тв161,Ниссан,Гаражная,Времена года 11
01/05/2020,14:33,н038хт123,Кия,Гаражная,Времена года 11
01/05/2020,14:34,н674ввАБХ,Тойота,Гаражная,Времена года 11
01/05/2020,15:02,е540уа123,Тойота,Воскресенская,Времена года 11
01/05/2020,15:03,р528тт123,Фольцваген,Воскресенская,Времена года 11
01/05/2020,15:09,о629су58,Фольцваген,Просвещения,Демократическая 18
01/05/2020,15:23,с488ра77,Вольво,Просвещения,Демократическая 18
01/05/2020,15:25,х740уа123,Хендай,Просвещения,Демократическая 18
01/05/2020,15:33,к434ем777,Пежо,Гаражная,Времена года 11
01/05/2020,15:34,о962ек93,Шевроле,Гаражная,Времена года 11
01/05/2020,15:38,о875ру123,Фольцваген,Демократическая,Демократическая 18
01/05/2020,15:39,в816ен186,Лада,Просвещения,Демократическая 18
01/05/2020,15:40,т425ум123,Кия,Демократическая,Демократическая 18
01/05/2020,16:06,с965вм,Фольцваген,Кирова,Демократическая 18
01/05/2020,16:14,с420ун123,Ваз,Конституции,Новая Заря 7
01/05/2020,16:17,о139ех123,Нива,Конституции,Новая Заря 7
01/05/2020,16:19,о913уу161,Форд,Конституции,Новая Заря 7
01/05/2020,16:22,м582тк123,Хендай,Конституции,Новая Заря 7
01/05/2020,16:47,м028ту26,Кия,Новая Заря,Новая Заря 7
01/05/2020,16:50,р941ом93,Ваз,Новая Заря,Новая Заря 7
01/05/2020,16:53,в283хс95,Тойота,Новая Заря,Новая Заря 7
01/05/2020,16:57,а451ао23,Ваз,Новая Заря,Новая Заря 7
01/06/2020,09:00,н610хв123,Фольцваген,Первомайская,Орджоникидзе 36
01/06/2020,09:05,н046не123,Мерседес,Первомайская,Орджоникидзе 36
01/06/2020,09:08,е777хн123,Фольцваген,Первомайская,Орджоникидзе 36
01/06/2020,09:17,м986вм196,Шкода,Первомайская,Орджоникидзе 36
01/06/2020,09:20,о825ое123,Тойота,Первомайская,Орджоникидзе 36
01/06/2020,09:26,у776ох123,Ваз,Первомайская,Орджоникидзе 36
01/06/2020,09:33,27 VV 999,Тойота,Первомайская,Орджоникидзе 36
01/06/2020,09:38,в925ут123,Лада,Первомайская,Орджоникидзе 36
01/06/2020,09:49,в215ор777,БМВ,Первомайская,Орджоникидзе 36
01/06/2020,09:55,е438ас134,Форд,Первомайская,Орджоникидзе 36
01/06/2020,10:00,к228ск197,Рено,Воскресенская,Орджоникидзе 36
01/06/2020,10:08,т110ух123,Хендай,Советская,Орджоникидзе 36
01/06/2020,10:20,о571ат123,Ваз,Роз,Орджоникидзе 36
01/06/2020,10:21,а006на186,Инфинити,Роз,Орджоникидзе 36
01/06/2020,10:26,о556рм43,Шевроле,Просвещения,Демократическая 18
01/06/2020,10:35,р232ос174,Кия,Просвещения,Демократическая 18
01/06/2020,10:36,м263рк161,Фольцваген,Роз,Орджоникидзе 36
01/06/2020,10:46,р556тм98,Форд,Демократическая,Демократическая 18
01/06/2020,10:53,к772ас18,Ниссан,Кирова,Демократическая 18
01/06/2020,11:08,в901ав198,Форд,Просвещения,Демократическая 18
01/06/2020,11:09,м130ув123,Шкода,Яна Фабрициуса,Яна Фабрициуса 26 Б
01/06/2020,11:30,в178ом750,Тойота,Курортный проспект,Орджоникидзе 36
01/06/2020,11:36,е605ту123,Форд,Воровского,Орджоникидзе 36
01/06/2020,11:37,х079хх46,Фольцваген,Черноморская,Яна Фабрициуса 26 Б
01/06/2020,11:39,с631кв23,Лада,Воровского,Орджоникидзе 36
01/06/2020,11:41, 1639 PI - 7,Хендай,Воровского,Орджоникидзе 36
01/06/2020,11:43,е877ср161,Хендай,Демократическая,Демократическая 18
01/06/2020,11:44,м504ну93,Нива,Воровского,Орджоникидзе 36
01/06/2020,11:51,н236ус161,БМВ,Демократическая,Демократическая 18
01/06/2020,11:55,м718ву123,Тойота,Воровского,Орджоникидзе 36
01/06/2020,12:01,н572та62,Мицубиси,Кирова,Демократическая 18
01/06/2020,12:02,н333хк123,Ниссан,Кирова,Демократическая 18
01/06/2020,12:03,к128вм123,Тойота,Воровского,Орджоникидзе 36
01/06/2020,12:04,в666кн124,БМВ,Воровского,Орджоникидзе 36
01/06/2020,12:06,к553вм123,Сузуки,Парковая,Орджоникидзе 36
01/06/2020,12:11,в550мв93,Ниссан,Вознесенская,Времена года 11
01/06/2020,12:12,е884нн123,Рено,Вознесенская,Времена года 11
01/06/2020,12:13,в373уо123,Хендай,Парковая,Орджоникидзе 36
01/06/2020,12:18,в543ом123,Фольцваген,Парковая,Орджоникидзе 36
01/06/2020,12:26,н019сс93,Тойота,Воровского,Орджоникидзе 36
01/06/2020,12:27,а094ок161,Тойота,Пушкина,Яна Фабрициуса 26 Б
01/06/2020,12:29,м999ву19,Инфинити,Воровского,Орджоникидзе 36
01/06/2020,12:41,у610хе123,Форд,Березовая,Времена года 11
01/06/2020,12:42,в876ок163,Форд,Березовая,Времена года 11
01/06/2020,12:43,с977нс163,Лада,Несебрская,Орджоникидзе 36
01/06/2020,12:46,к800оо93,Тойота,Несебрская,Орджоникидзе 36
01/06/2020,12:53,т787кх98,Субару,Несебрская,Орджоникидзе 36
01/06/2020,12:59,у817уу23,Форд,Несебрская,Орджоникидзе 36
01/06/2020,13:06,е493ук134,Шкода,Курортный проспект,Яна Фабрициуса 26 Б
01/06/2020,13:20,н008рр197,БМВ,Кирова,Демократическая 18
01/06/2020,13:21,н242ам161,Кия,Кирова,Демократическая 18
01/06/2020,13:39,е861ан761,Шкода,Просвещения,Демократическая 18
01/06/2020,13:39,е357ое174,Шкода,Просвещения,Демократическая 18
01/06/2020,13:42,р860се161,Шевроле,Вознесенская,Времена года 11
01/06/2020,13:43,у800оу199,Ваз,Вознесенская,Времена года 11
01/06/2020,13:44,в178нн123,Форд,Турчинского,Времена года 11
01/06/2020,13:54,с640мх123,Ниссан,Турчинского,Времена года 11
01/06/2020,13:59,в350мн125,Тойота,Просвещения,Демократическая 18
01/06/2020,14:13,а182са23,Ваз,Просвещения,Демократическая 18
01/06/2020,14:16,х845тх93,Тойота,Просвещения,Демократическая 18
01/06/2020,14:44,т607ув26,Тойота,Просвещения,Демократическая 18
01/06/2020,15:06,у214рт123,Хендай,Пушкина,Яна Фабрициуса 26 Б
01/06/2020,15:16,р905от123,Мерседес,Гаражная,Времена года 11
01/06/2020,15:17,о731хк123,Шкода,Гаражная,Времена года 11
01/06/2020,15:28, BB 3999  AT,Мицубиси,Черноморская,Яна Фабрициуса 26 Б
01/06/2020,15:55,н868на799,Шкода,Черноморская,Яна Фабрициуса 26 Б
01/06/2020,16:44,о119хм123,Фольцваген,Демократическая,Демократическая 18
01/06/2020,17:00,х495ео123,Тойота,Кирова,Демократическая 18
01/06/2020,17:01,м798рр123,Лада,Демократическая,Демократическая 18
01/07/2020,08:43,в106хе777,Мерседес,Нагорная,Орджоникидзе 36
01/07/2020,08:50,а207мо93,Тойота,Воровского,Орджоникидзе 36
01/07/2020,08:57,е083ар777,Форд,Советская,Орджоникидзе 36
01/07/2020,09:01,х540на123,БМВ,Советская,Орджоникидзе 36
01/07/2020,09:35,е783нк154,Кия,Несебрская,Орджоникидзе 36
01/07/2020,09:55, I 82 RD 999,Хонда,Соколова,Орджоникидзе 36
01/07/2020,10:13,н853вв123,Тойота,Роз,Орджоникидзе 36
01/07/2020,10:22,х730ох123,Лада,Черноморская,Яна Фабрициуса 26 Б
01/07/2020,10:53,н964тн123,Хендай,Омеловая,Времена года 11
01/07/2020,11:06,н059тн123,Хендай,Транспортная,Яна Фабрициуса 26 Б
01/07/2020,11:07,н272мр93,Тойота,Кирова,Демократическая 18
01/07/2020,11:08,х209хт161,Хонда,Кирова,Демократическая 18
01/07/2020,11:09,а132ев134,Хендай,Энгельса,Демократическая 18
01/07/2020,11:11,о298ом123,Фольцваген,Омеловая,Времена года 11
01/07/2020,11:27,р818ое123,Шкода,Воровского,Орджоникидзе 36
01/07/2020,11:40,о665ре102,Фав,Роз,Орджоникидзе 36
01/07/2020,12:27,м089ас77,Мазда,Бестужева,Демократическая 18
01/07/2020,12:33,в982хе123,Лада,Омеловая,Времена года 11
01/07/2020,12:34,р018еа11,Тойота,Омеловая,Времена года 11
01/07/2020,12:35,м581ск93,Лада,Демократическая,Демократическая 18
01/07/2020,12:36,е808уа123,Шевроле,Вознесенская,Времена года 11
01/07/2020,12:39,м248ту123,Кия,Демократическая,Демократическая 18
01/07/2020,13:12,о254ко161,БМВ,Энгельса,Демократическая 18
01/07/2020,13:13,е102ос123,Форд,Энгельса,Демократическая 18
01/07/2020,13:14,е774ме196,Лада,Энгельса,Демократическая 18
01/07/2020,13:15,о321кн123,Ваз,Энгельса,Демократическая 18
01/07/2020,13:20,у479ху161,Кия,Кирова,Демократическая 18
01/07/2020,13:22,м150уе24,Тойота,Вознесенская,Времена года 11
01/07/2020,13:46,к949тс161,Хендай,Воровского,Орджоникидзе 36
01/07/2020,13:50,х131св56,Хендай,Воровского,Орджоникидзе 36
01/07/2020,13:55,а840мт123,Мицубиси,Воровского,Орджоникидзе 36
01/07/2020,14:02,в595еу123,Лексус,Воровского,Орджоникидзе 36
01/07/2020,14:07,у738хн123,Рено,Воровского,Орджоникидзе 36
01/07/2020,14:31,у559рр777,Кадилак,Советская,Орджоникидзе 36
01/07/2020,14:36,а007рн77,Рендж Ровер,Советская,Орджоникидзе 36
01/07/2020,14:39,е102хе102,БМВ,Советская,Орджоникидзе 36
01/07/2020,14:48,е874ом799,Субару,Роз,Орджоникидзе 36
01/07/2020,15:35, 36 QG 270,Инфинити,Гаражная,Времена года 11
01/07/2020,15:36,м154мн123,Шкода,Гаражная,Времена года 11
01/07/2020,16:02,р273ву123,Мазда,Листопадная,Времена года 11
01/07/2020,16:27,а410ув01,Лада,Листопадная,Времена года 11
01/07/2020,16:32,х856нт56,Ниссан,Демократическая,Демократическая 18
01/07/2020,16:33,к572ро36,Ауди,Демократическая,Демократическая 18
01/07/2020,16:41,н797ов93,Фольцваген,Кирова,Демократическая 18
01/07/2020,16:43,с032ук123,Тойота,Демократическая,Демократическая 18
01/07/2020,16:52,а366ак123,Ваз,Бестужева,Демократическая 18
01/07/2020,16:57,с955ооАБХ,Фольцваген,Интернациональная,Демократическая 18
01/08/2020,08:41,о644ну123,Тойота,Конституции,Новая Заря 7
01/08/2020,08:43,к171нт63,Лада,Конституции,Новая Заря 7
01/08/2020,08:49,м337ук123,Тойота,Конституции,Новая Заря 7
01/08/2020,09:02,е771нн123,Хендай,Яна Фабрициуса 26 ,Яна Фабрициуса 26 Б
01/08/2020,09:04,р686ат123,Мазда,Роз,Новая Заря 7
01/08/2020,09:18,н502ое123,Хендай,Невская,Орджоникидзе 36
01/08/2020,09:21, S  979  UTM,Лексус,Яна Фабрициуса 26 ,Яна Фабрициуса 26 Б
01/08/2020,09:23,с658тс123,Лада,Туапсинская,Орджоникидзе 36
01/08/2020,09:26,в549нн123,Тойота,Туапсинская,Орджоникидзе 36
01/08/2020,09:30,к809ку159,Мазда,Войкого,Новая Заря 7
01/08/2020,09:42,о025сн123,Форд,Учительская,Яна Фабрициуса 26 Б
01/08/2020,09:43,с290см23,Грейт Вол,Переулок Морской,Новая Заря 7
01/08/2020,09:46,т536хс123,Фольцваген,Туапсинская,Орджоникидзе 36
01/08/2020,09:52,м363ну93,Хендай,Воровского,Новая Заря 7
01/08/2020,10:03,р086нр102,Лада,Туапсинская,Орджоникидзе 36
01/08/2020,10:07,а928мк93,Ваз,Туапсинская,Орджоникидзе 36
01/08/2020,10:09,о196ер125,Тойота,Роз,Новая Заря 7
01/08/2020,10:31,к924ву123,Лифан,Бытха,Яна Фабрициуса 26 Б
01/08/2020,10:35,н249еу07,Лада,Советская,Орджоникидзе 36
01/08/2020,10:39,т090ав93,Тойота,Воровского,Новая Заря 7
01/08/2020,10:52,р101ко178,Ниссан,Роз,Новая Заря 7
01/08/2020,10:53,к612см123,Хендай,Гаражная,Времена года 11
01/08/2020,10:54,т513те174,Рено,Гаражная,Времена года 11
01/08/2020,10:55,в438вв40,Лада,Роз,Новая Заря 7
01/08/2020,10:56,с346хт123,Хендай,Переулок Электрический,Орджоникидзе 36
01/08/2020,10:57,м875ру123,Хендай,Роз,Новая Заря 7
01/08/2020,11:15,н263ом178,Вольво,Амеловая,Времена года 11
01/08/2020,11:16,к407рк93,Шевроле,Амеловая,Времена года 11
01/08/2020,11:27,о080вв123,Пежо,Кирова,Демократическая 18
01/08/2020,11:28,к740вм123,Субару,Садовая,Демократическая 18
01/08/2020,11:32,м428тт123,Фольцваген,Поярко,Орджоникидзе 36
01/08/2020,11:39,с883ат123,Рено,Воровского,Орджоникидзе 36
01/08/2020,11:41,р775ро58,Кия,Воровского,Орджоникидзе 36
01/08/2020,11:42, 36 RO 559,Мазда,Интернациональная,Демократическая 18
01/08/2020,11:44,н711ое123,Фольцваген,Воровского,Орджоникидзе 36
01/08/2020,11:48,м091ов32,Рено,Амеловая,Времена года 11
01/08/2020,11:49,с872хс123,Ниссан,Амеловая,Времена года 11
01/08/2020,11:53,у330сн178,БМВ,Демократическая,Демократическая 18
01/08/2020,12:03,в991ех123,Мицубиси,Советская,Орджоникидзе 36
01/08/2020,12:07,с926ух123,Субару,Советская,Орджоникидзе 36
01/08/2020,12:08,м141от93,Лада,Амеловая,Времена года 11
01/08/2020,12:09,с186ст56,Лада,Амеловая,Времена года 11
01/08/2020,12:17,а102хе09,Фольцваген,Войкого,Орджоникидзе 36
01/08/2020,12:25,в930ув123,Нива,Куйбышева,Демократическая 18
01/08/2020,12:43,в211ух82,Кия,Эстонская,Времена года 11
01/08/2020,12:44,м706рт123,Фольцваген,Эстонская,Времена года 11
01/08/2020,13:02,а880ах93,Хендай,Эстонская,Времена года 11
01/08/2020,13:03, AH 7360 HP,Мицубиси,Эстонская,Времена года 11
01/08/2020,13:20,р174рн161,Мицубиси,Олимпийских Рекордов,Времена года 11
01/08/2020,13:21,е436тх93,Лада,Олимпийских Рекордов,Времена года 11
01/08/2020,13:47,у276ав761,Мицубиси,Гаражная,Времена года 11
01/08/2020,14:02,о652оо123,Хендай,Юных Ленинцев,Новая Заря 7
01/08/2020,14:05,с564ум123,Ниссан,Юных Ленинцев,Новая Заря 7
01/08/2020,14:10,м993он123,БМВ,Северная,Новая Заря 7
01/08/2020,14:24,а333мо93,Кия,Кирова,Демократическая 18
01/08/2020,14:25,к939хе161,Кия,Роз,Новая Заря 7
01/08/2020,14:35,с715ск123,Фольцваген,Воровского,Новая Заря 7
01/08/2020,14:37,е090ес70,Кия,Воровского,Новая Заря 7
01/08/2020,14:39,т119хх123,Рено,Воровского,Новая Заря 7
01/08/2020,14:39,т413кк47,Деу,Черноморская,Яна Фабрициуса 26 Б
01/08/2020,14:46,м158вх196,Лада,Воровского,Новая Заря 7
01/08/2020,14:50,о515ва123,Мицубиси,Садовая,Демократическая 18
01/08/2020,14:51,р810ко799,Кия,Садовая,Демократическая 18
01/08/2020,14:53,р945ха71,Лада,Воровского,Орджоникидзе 36
01/08/2020,14:55,в163рн123,Ауди,Воровского,Орджоникидзе 36
01/08/2020,14:58,с342ум123,Тойота,Воровского,Новая Заря 7
01/08/2020,14:59,с516ув123,БМВ,Воровского,Орджоникидзе 36
01/08/2020,15:02,а415вр702,Мазда,Воровского,Новая Заря 7
01/08/2020,15:06,м460тс123,Форд,Садовая,Демократическая 18
01/08/2020,15:10,е913ам159,Форд,Воровского,Орджоникидзе 36
01/08/2020,15:11,в129ер123,Форд,Воровского,Новая Заря 7
01/08/2020,15:14,а913мк763,Шкода,Воровского,Орджоникидзе 36
01/08/2020,15:15,е576кр177,Форд,Воровского,Новая Заря 7
01/08/2020,15:16,е339то123,Лада,Садовая,Демократическая 18
01/08/2020,15:25,с417кк78,Лада,Советская,Орджоникидзе 36
01/08/2020,15:33,т931тх55,Ниссан,Советская,Орджоникидзе 36
01/08/2020,15:37,х747ав93,Хендай,Демократическая,Демократическая 18
01/08/2020,15:37,н254рк123,Лада,Демократическая,Демократическая 18
01/08/2020,15:53,м199са123,Лада,Навагинская,Орджоникидзе 36
01/08/2020,16:10,а259ее37,Акура,Курортный проспект,Орджоникидзе 36
01/08/2020,16:15,о444ру23,Тойота,Воровского,Орджоникидзе 36
01/09/2020,09:27,к263вх161,Дэу,Воровского,Орджоникидзе 36
01/09/2020,09:27,н564ех123,Лада,Воровского,Орджоникидзе 36
01/09/2020,09:22,н668ом123,Тойота,Воровского,Орджоникидзе 36
01/09/2020,09:37,е207мн93,Пежо,Воровского,Орджоникидзе 36
01/09/2020,09:48,х198не93,Мазда,Роз,Орджоникидзе 36
01/09/2020,09:49,н097ма93,Волга,Конституции,Новая Заря 7
01/09/2020,09:51,о950ме70,Тойота,Роз,Орджоникидзе 36
01/09/2020,09:52,т807тв123,Лада,Конституции,Новая Заря 7
01/09/2020,09:54,к780тр174,БМВ,яна Фабрициуса 26 Б,Яна Фабрициуса 26 Б
01/09/2020,09:56,Т256ВУ174,Пежо,Конституции,Новая Заря 7
01/09/2020,10:00,В909ТХ93,Кия,Конституции,Новая Заря 7
01/09/2020,10:01,н329хх68,Фольцваген,Навагинская,Орджоникидзе 36
01/09/2020,10:03,н833ут23,ВАЗ,Черноморская,Яна Фабрициуса 26 Б
01/09/2020,10:05,м002нр55,Бентли,Навагинская,Орджоникидзе 36
01/09/2020,10:10,н284км19,Ниссан,Конституции,Новая Заря 7
01/09/2020,10:11,р737кв123,Хендай,Навагинская,Орджоникидзе 36
01/09/2020,10:17,м512ку123,Фольцваген,Поярко,Новая Заря 7
01/09/2020,10:22,м782хв93,Лада,Поярко,Новая Заря 7
01/09/2020,10:22,н074мр123,Мицубиси,Советская,Орджоникидзе 36
01/09/2020,10:31,м765хх93,ваз,Войкого,Орджоникидзе 36
01/09/2020,10:33,н117ак55,Ока,Гаражная,Времена года 11
01/09/2020,10:33,м030ву123,Тойота,Кооперативная,Новая Заря 7
01/09/2020,10:34,н570ро750,Тойота,Кирова,Демократическая 18
01/09/2020,10:37,с676хс199,БМВ,Кирова,Демократическая 18
01/09/2020,10:37,м373рн777,Лексус,Кирова,Демократическая 18
01/09/2020,10:39,о904но123,Сузуки,Войкого,Новая Заря 7
01/09/2020,10:41,к404су123,Рено,Воровского,Орджоникидзе 36
01/09/2020,10:44,х455те93,Лексус,Воровского,Орджоникидзе 36
01/09/2020,10:45,т069ук123,Пежо,Гаражная,Времена года 11
01/09/2020,10:46,о295ом123,Тойота,Воровского,Орджоникидзе 36
01/09/2020,10:51,м333тн23,Форд,Курортный проспект,Новая Заря 7
01/09/2020,10:51,н874км161,Кия,Воровского,Орджоникидзе 36
01/09/2020,10:51,к999ос190,Мерседес,Бытха,Яна Фабрициуса 26 Б
01/09/2020,10:58,м626тк123,Фольцваген,Воровского,Орджоникидзе 36
01/09/2020,10:58,н854ро69,Хендай,Курортный проспект,Новая Заря 7
01/09/2020,11:01,с613хт123,Лада,Воровского,Орджоникидзе 36
01/09/2020,11:04,к970см123,Мицубиси,Садовая,Демократическая 18
01/09/2020,11:04,о940вк40,Вольво,Садовая,Демократическая 18
01/09/2020,11:06,м397ум123,Киа,Воровского,Орджоникидзе 36
01/09/2020,11:09,е009ауавн,Тойота,Советская,Новая Заря 7
01/09/2020,11:10,н335уу123,Фольцваген,Воровского,Орджоникидзе 36
01/09/2020,11:12,т71хт123,Тойота,Гагринская,Яна Фабрициуса 26 Б
01/09/2020,11:13,а005хр123,Датсун,Гаражная,Времена года 11
01/09/2020,11:14,а740нт123,Рено,Советская,Новая Заря 7
01/09/2020,11:18,н213ах125,Тойота,Советская,Новая Заря 7
01/09/2020,11:19,е987св123,Мерседес,Демократическая,Демократическая 18
01/09/2020,11:19,е999ма123,Лексус,Демократическая,Демократическая 18
01/09/2020,11:21,с252ох190,Вольво,Роз,Орджоникидзе 36
01/09/2020,11:22,к853кн01,Лада,Советская,Новая Заря 7
01/09/2020,11:23,е176хе123,Рено,Гагринская,Яна Фабрициуса 26 Б
01/09/2020,11:26,о807оо123,Пежо,Роз,Орджоникидзе 36
01/09/2020,11:39,36GL028,Мерседес,Конституции,Орджоникидзе 36
01/09/2020,11:40,м252см123,Мерседес,Бестужева,Демократическая 18
01/09/2020,11:42,в900хе126,Лада,Конституции,Орджоникидзе 36
01/09/2020,11:50,к308вс123,Пежо,Демократическая,Демократическая 18
01/09/2020,11:50,н209не123,Тойота,Войкого,Орджоникидзе 36
01/09/2020,11:53,к460рк93,Хонда,Демократическая,Демократическая 18
01/09/2020,11:58,р020тх93,Фольцваген,Кооперативная,Орджоникидзе 36
01/09/2020,12:04,к291хе123,Фольцваген,Поярко,Орджоникидзе 36
01/09/2020,12:16,в569хр190,Фольцваген,Воровского,Орджоникидзе 36
01/09/2020,12:19,в828см93,Опель,Воровского,Орджоникидзе 36
01/09/2020,12:22,с778ат123,Тойота,Воровского,Орджоникидзе 36
01/09/2020,12:31,у303ео123,Смарт,Воровского,Орджоникидзе 36
01/09/2020,12:32,м791тр123,Ниссан,Энгельса,Демократическая 18
01/09/2020,12:32,к008ао23,Ниссан,Энгельса,Демократическая 18
01/09/2020,12:32,н111те750,Мерседес,Энгельса,Демократическая 18
01/09/2020,12:32,в631ке174,Тойота,Энгельса,Демократическая 18
01/09/2020,12:40,О838ОА33,Инфинити,Горького,Орджоникидзе 36
01/09/2020,12:43,м333уе36,Ауди,Горького,Орджоникидзе 36
01/09/2020,13:35,т825хс93,Ваз,Кирова,Демократическая 18
01/09/2020,13:40,с628хс123,Хендай,Демократическая,Демократическая 18
01/09/2020,14:03,р024аа193,Хендай,Демократическая,Демократическая 18
01/09/2020,14:07,х505хх23,Рэнж ровер,Демократическая,Демократическая 18
01/09/2020,14:07,у459хт123,Ниссан,Конституции,Новая Заря 7
01/09/2020,14:24,н094ун161,Ауди,Несебрская,Новая Заря 7
01/09/2020,14:24,у009рр54,Ваз,Воровского,Орджоникидзе 36
01/09/2020,14:28,н693мк93,Мицубиси,Воровского,Орджоникидзе 36
01/09/2020,14:28,н744ех123,Тойота,Садовая,Демократическая 18
01/09/2020,14:31,е744ма93,Ваз,Воровского,Орджоникидзе 36
01/09/2020,14:32,м227мм25,Тойота,Несебрская,Новая Заря 7
01/09/2020,14:34,р963тс123,Хендай,Воровского,Орджоникидзе 36
01/09/2020,14:35,о461ту93,Тойота,Несебрская,Новая Заря 7
01/09/2020,14:36,е293ту123,Лексус,Садовая,Демократическая 18
01/09/2020,14:36,н796хв123,Фольцваген,Гагринская,Яна Фабрициуса 26 Б
01/09/2020,14:41,х390рн799,Бмв,Воровского,Орджоникидзе 36
01/09/2020,14:43,т332хт123,Тойота,Олимпийская,Времена года 11
01/09/2020,14:43,н929ст152,Ауди,Берёзовая,Времена года 11
01/09/2020,14:45,17GC771,Тойота,Воровского,Орджоникидзе 36
01/09/2020,14:52,у454ео123,Лада,Поярко,Новая Заря 7
01/09/2020,14:53,а334сс123,Фольцваген,Воровского,Орджоникидзе 36
01/09/2020,14:58,т471хр123,Мини купер,Поярко,Новая Заря 7
01/09/2020,15:00,к883хм23,Дэу,Роз,Орджоникидзе 36
01/09/2020,15:02,м960ввАВН,Мерседес,Роз,Орджоникидзе 36
01/09/2020,15:04,о641от31,Тойота,Кооперативная,Новая Заря 7
01/09/2020,15:10,р244ту38,Шевролет,Войкого,Новая Заря 7
01/09/2020,15:20,н571ов93,Лада,Войкого,Новая Заря 7
01/09/2020,15:30,у197рс799,Инфинити,Воровского,Орджоникидзе 36
01/09/2020,15:34,в076мт123,Шевролет,Воровского,Орджоникидзе 36
01/09/2020,15:34,к088ар93,Лексус,Воровского,Орджоникидзе 36
01/09/2020,15:39,н343от123,Тойота,Курортный проспект,Новая Заря 7
01/09/2020,15:46,о786ха72,Шевролет,Горького,Орджоникидзе 36
01/09/2020,15:47,у013хр123,Шевролет,Курортный проспект,Новая Заря 7
01/09/2020,15:51,с372то123,Тойота,Курортный проспект,Новая Заря 7
01/09/2020,15:56,93LP093,Хонда,Воровского,Новая Заря 7
01/09/2020,15:59,е559уа123,рено,Воровского,Новая Заря 7
01/09/2020,17:03,р349еу34,ВАЗ,Учительская,Яна Фабрициуса 26 Б
01/10/2020,09:07,у388ео123,Хендай,Воровского,Новая Заря 7
01/10/2020,09:22,в627ут82,Хендай,Роз,Новая Заря 7
01/10/2020,09:25,с790сх123,Хендай,Роз,Новая Заря 7
01/10/2020,09:28,р226сс123,Лада,Роз,Новая Заря 7
01/10/2020,09:31,р997хк123,Мерседес,Роз,Новая Заря 7
01/10/2020,09:46,н063ох69,Шкода,Дмитриева,Яна Фабрициуса 26 Б
01/10/2020,09:54,н104ук123,Уаз,Демократическая,Демократическая 18
01/10/2020,09:55,е322оу123,Кия,Воровского,Орджоникидзе 36
01/10/2020,09:57,с891нр123,Джили,Воровского,Орджоникидзе 36
01/10/2020,10:12,р985снАБХ,Тойота,Павлика Морозова,Демократическая 18
01/10/2020,10:15,е678вм123,Лексус,Переулок Электрический,Орджоникидзе 36
01/10/2020,10:21,м961рт123,Мерседес,Кирова,Демократическая 18
01/10/2020,10:22,т866хр123,рено,Поярко,Орджоникидзе 36
01/10/2020,10:25,н846ур123,Сузуки,Конституции,Новая Заря 7
01/10/2020,10:27,е371тх93,Саньёнг,Демократическая,Демократическая 18
01/10/2020,10:28,с641то123,Бмв,Конституции,Новая Заря 7
01/10/2020,10:35,у110ет60,Ауди,Роз,Новая Заря 7
01/10/2020,10:41,о695ун123,Форд,Несебрская,Орджоникидзе 36
01/10/2020,10:42,р601ха123,БМВ,Воровского,Новая Заря 7
01/10/2020,10:46,м026мр93,Лада,Переулок Электрический,Орджоникидзе 36
01/10/2020,10:48,н888са23,Ауди,20 Г.С.Д.,Яна Фабрициуса 26 Б
01/10/2020,10:49,в882сс93,Дайхатцу,Воровского,Новая Заря 7
01/10/2020,10:50,м244кк123,Лада,Переулок Электрический,Орджоникидзе 36
01/10/2020,10:51,х884хк93,Опель,Садовая,Демократическая 18
01/10/2020,10:52,е909нв58,Рено,Садовая,Демократическая 18
01/10/2020,11:00,к604рн123,Ниссан,Кооперативная,Орджоникидзе 36
01/10/2020,11:01,с900ку124,Кия,Навагинская,Новая Заря 7
01/10/2020,11:04,р712ку750,Хонда,Кирова,Демократическая 18
01/10/2020,11:12,м789тк93,Ниссан,Депутатская,Яна Фабрициуса 26 Б
01/10/2020,11:17,с606тк123,Пежо,Войкого,Орджоникидзе 36
01/10/2020,11:18,р380ев69,ВАЗ,Демократическая,Демократическая 18
01/10/2020,11:24,н992со123,Хендай,Войкого,Орджоникидзе 36
01/10/2020,11:30,е777хо37,Тойота,Кирова,Демократическая 18
01/10/2020,11:36,а424оу37,Хендай,Кубанская,Орджоникидзе 36
01/10/2020,11:40,о777вр123,Тойота,Кубанская,Орджоникидзе 36
01/10/2020,11:45,т518уа71,Лада,Кубанская,Орджоникидзе 36
01/10/2020,11:52,а319рм123,Шкода,Кубанская,Орджоникидзе 36
01/10/2020,11:55,в396ух93,Ниссан,Кирова,Демократическая 18
01/10/2020,11:59,х521ор161,Мазда,Гаражная,Времена Года 11
01/10/2020,12:00,р266кв123,Сузуки,Соколова,Орджоникидзе 36
01/10/2020,12:17,в562тр196,ВАЗ,Вознесенская,Времена Года 11
01/10/2020,12:20,р323ех123,Мазда,Вознесенская,Времена Года 11
01/10/2020,12:46,а774аа02,Бентли,Конституции,Новая Заря 7
01/10/2020,12:50,к063со123,Форд,Конституции,Новая Заря 7
01/10/2020,12:52,а297тм123,Кия,Конституции,Новая Заря 7
01/10/2020,13:02,с830хт123,Ауди,Конституции,Новая Заря 7
01/10/2020,13:04,т755ве161,Мазда,Конституции,Новая Заря 7
01/10/2020,13:09,м835хк123,Фольцваген,Демократическая,Демократическая 18
01/10/2020,13:10,о109ке799,Хавал,Просвещения,Демократическая 18
01/10/2020,13:13,н233ру93,Форд,Гагринская,Яна Фабрициуса 26 Б
01/10/2020,13:14,а479ен124,Сузуки,Демократическая,Демократическая 18
01/10/2020,13:15,о039ун123,Ситроен,Курортный проспект,Новая Заря 7
01/10/2020,13:18,в004ха123,Хендай,Воровского,Новая Заря 7
01/10/2020,13:20,т676уа174,Мерседес,Воровского,Новая Заря 7
01/10/2020,13:28,о248аа777,Мерседес,Воровского,Новая Заря 7
01/10/2020,13:34,е318ра123,Рено,Воровского,Новая Заря 7
01/10/2020,13:36,м745хк190,Опель,Садовая,Демократическая 18
01/10/2020,13:37,м899се161,Фольцваген,Садовая,Демократическая 18
01/10/2020,13:41,х181рр123,Лада,Черноморская,Яна Фабрициуса 26 Б
01/10/2020,13:59,у370хв123,Датцун,Амеловая,Времена Года 11
01/10/2020,14:00,м286ум123,Ситроен,Берёзовая,Времена Года 11
01/10/2020,14:01,в578мр93,Опель,Транспортная,Яна Фабрициуса 26 Б
01/10/2020,14:02,в786ну21,Ауди,Садовая,Демократическая 18
01/10/2020,14:03,х053ан761,Ниссан,Садовая,Демократическая 18
01/10/2020,14:38,р034тт123,Ниссан,Курортный проспект,Орджоникидзе 36
01/10/2020,14:41,с549уу123,Хендай,Курортный проспект,Орджоникидзе 36
01/10/2020,14:46,а007ср23,Лада,Курортный проспект,Орджоникидзе 36
01/10/2020,14:53,е911оу123,Форд,Гагринская,Яна Фабрициуса 26 Б
01/10/2020,14:54,к890тм64,Форд,Курортный проспект,Орджоникидзе 36
01/10/2020,14:59,о124ум23,Лада,Воровского,Орджоникидзе 36
01/10/2020,15:02,с888ат54,Кия,Воровского,Орджоникидзе 36
01/10/2020,15:07,т732та161,Мицубиси,Воровского,Орджоникидзе 36
01/10/2020,15:09,р554ха123,Хендай,Гагринская,Яна Фабрициуса 26 Б
01/10/2020,15:12,у077кн123,Нива,Конституции,Новая Заря 7
01/10/2020,15:15,х260со123,Мицубиси,Конституции,Новая Заря 7
01/10/2020,15:18,р622кх125,Тайота,Конституции,Новая Заря 7
01/10/2020,15:21,к141мв29,Пежо,Воровского,Орджоникидзе 36
01/10/2020,15:25,м089хн123,Хендай,Воровского,Орджоникидзе 36
01/10/2020,15:26,р944тс123,Хонда,Несебрская,Новая Заря 7
01/10/2020,15:28,у368ук123,Рено,Воровского,Орджоникидзе 36
01/10/2020,15:34,к431кт123,Фольцваген,Поярко,Новая Заря 7
01/10/2020,15:34,в055ут123,Тайота,Садовая,Демократическая 18
01/10/2020,15:42,р720еа750,Вольво,Воровского,Орджоникидзе 36
01/10/2020,15:43,н931со161,Хендай,Демократическая,Демократическая 18
01/10/2020,15:45,с989хт123,Порше,Воровского,Новая Заря 7
01/10/2020,15:48,н401не90,Мерседес,Воровского,Новая Заря 7
01/10/2020,15:52,с071мв123,Ниссан,Роз,Орджоникидзе 36
01/10/2020,15:53,н898ке93,Тайота,Роз,Орджоникидзе 36
01/10/2020,15:54,у254мв123,Шкода,Демократическая,Демократическая 18
01/10/2020,16:04,х766ох123,Форд,Пушкина,Яна Фабрициуса 26 Б
01/10/2020,16:05,с386ес96,Фольцваген,Воровского,Новая Заря 7
01/10/2020,16:10,т505мм93,Тайота,Войкого,Орджоникидзе 36
01/10/2020,16:15,о790ун123,Хендай,Войкого,Орджоникидзе 36
01/10/2020,16:47,м722св93,Шевроле,Черноморская,Яна Фабрициуса 26 Б
01/11/2020,08:51,н833нс123,БМВ,Транспортная,Яна Фабрициуса 26 Б
01/11/2020,09:09,к012ак93,Тайота,Конституции,Новая Заря 7
01/11/2020,09:11,с821то123,Хонда,Конституции,Новая Заря 7
01/11/2020,09:14,в837хх198,Ауди,Конституции,Новая Заря 7
01/11/2020,09:18,к336се93,Део,Конституции,Новая Заря 7
01/11/2020,09:19,н021хт48,Ауди,Учительская,Яна Фабрициуса 26 Б
01/11/2020,09:28,т765ув123,Кия,Конституции,Новая Заря 7
01/11/2020,09:33,х496су123,БМВ,Переулок Грузинский,Орджоникидзе 36
01/11/2020,09:34,р412ат64,Лада,Переулок Грузинский,Орджоникидзе 36
01/11/2020,09:38,т205ср64,Фольцваген,Туапсинская,Орджоникидзе 36
01/11/2020,09:41,т898ку55,Мерседес,Конституции,Новая Заря 7
01/11/2020,09:44,м688нк123,БМВ,Конституции,Новая Заря 7
01/11/2020,09:48,р209аа193,Кия,Конституции,Новая Заря 7
01/11/2020,09:50,т173ао123,Хендай,Туапсинская,Орджоникидзе 36
01/11/2020,09:56,т708хс123,БМВ,Туапсинская,Орджоникидзе 36
01/11/2020,10:04,в189ха86,Тайота,Туапсинская,Орджоникидзе 36
01/11/2020,10:09,т253сс123,Дайхатцу,Невская,Орджоникидзе 36
01/11/2020,10:18,м142омАБХ,Ниссан,Невская,Орджоникидзе 36
01/11/2020,10:19,с025тс161,Хендай,Гаражная,Времена года 11
01/11/2020,10:27, RSO  н490вв,Мерседес,Учительская,Яна Фабрициуса 26 Б
01/11/2020,10:31,е672мн123,Хендай,Юных Ленинцев,Новая Заря 7
01/11/2020,10:34,е185вх123,Хендай,Гаражная,Времена года 11
01/11/2020,10:35,р337хо123,Шкода,Юных Ленинцев,Новая Заря 7
01/11/2020,10:39,р223аа193,Хендай,Северная,Новая Заря 7
01/11/2020,10:40,а311мк93,Мерседес,Туапсинская,Орджоникидзе 36
01/11/2020,10:46,о043от123,Рено,Туапсинская,Орджоникидзе 36
01/11/2020,10:47,а350амАБХ,Ниссан,Роз,Новая Заря 7
01/11/2020,10:49,н806вс123,Ауди,Туапсинская,Орджоникидзе 36
01/11/2020,10:55,х267ат52,Ниссан,Туапсинская,Орджоникидзе 36
01/11/2020,11:03,м761рк123,Сузуки,Воровского,Новая Заря 7
01/11/2020,11:11,с791уу123,Хендай,Интернациональная,Демократическая 18
01/11/2020,11:18,к650ку123,Форд,Вознесенская,Времена года 11
01/11/2020,11:19, 7мтт 2949,Ауди,Омеловая,Времена года 11
01/11/2020,11:23,т074хт123,БМВ,Воровского,Новая Заря 7
01/11/2020,11:26,к296ор174,Форд,Воровского,Новая Заря 7
01/11/2020,11:29,т171сс123,Фольцваген,Воровского,Новая Заря 7
01/11/2020,11:31,х024хн174,Фольцваген,Просвещения,Демократическая 18
01/11/2020,11:32,в918хе123,Хендай,Демократическая,Демократическая 18
01/11/2020,11:37,к001нт93,Рендж Ровер,Кирова,Демократическая 18
01/11/2020,11:38,в820тк134,Сузуки,Омеловая,Времена года 11
01/11/2020,11:39,в734мв123,Форд,Советская,Орджоникидзе 36
01/11/2020,11:44,р409хк123,Мерседес,Платановая,Яна Фабрициуса 26 Б
01/11/2020,11:45,т954кн123,Хендай,Советская,Орджоникидзе 36
01/11/2020,11:57,о017ун123,Фольцваген,Курортный проспект,Орджоникидзе 36
01/11/2020,12:00,т725ув123,Ниссан,Курортный проспект,Орджоникидзе 36
01/11/2020,12:02,к706су123,Инфинити,Демократическая,Демократическая 18
01/11/2020,12:03,е461хт777,Хендай,Кирова,Демократическая 18
01/11/2020,12:06, 36  PX  104,Ниссан,Курортный проспект,Орджоникидзе 36
01/11/2020,12:08,е240ет750,БМВ,Кирова,Демократическая 18
01/11/2020,12:11,о156ун123,Мазда,Воровского,Орджоникидзе 36
01/11/2020,12:13,м884тр123,Лада,Кирова,Демократическая 18
01/11/2020,12:15,в999ух93,Ауди,Воровского,Орджоникидзе 36
01/11/2020,12:19, 34  FU  844,Лада,Курортный проспект,Яна Фабрициуса 26 Б
01/11/2020,12:21, 36  LQ  098,Мерседес,Кирова,Демократическая 18
01/11/2020,12:26, 6284  EX - 1,Крайслер,Кубанская,Орджоникидзе 36
01/11/2020,12:31,м870еа123,Опель,Олимпийская,Времена года 11
01/11/2020,12:42,е542хе123,Фольцваген,Энгельса,Демократическая 18
01/11/2020,12:43,в237мо134,Лада,Курортный проспект,Яна Фабрициуса 26 Б
01/11/2020,12:46,у840рр123,Лада,Гаражная,Времена года 11
01/11/2020,13:13,с149ор123,Опель,Гаражная,Времена года 11
01/11/2020,13:14,у112нр123,Мазда,Гаражная,Времена года 11
01/11/2020,13:21,х067ох123,Миникупер,Конституции,Новая Заря 7
01/11/2020,13:27,с860кв123,Сиат,Юных Ленинцев,Новая Заря 7
01/11/2020,13:30,н002вн93,Мерседес,Юных Ленинцев,Новая Заря 7
01/11/2020,13:34,х933ау93,Ниссан,Юных Ленинцев,Новая Заря 7
01/11/2020,13:42,р007вх174,Мерседес,Юных Ленинцев,Новая Заря 7
01/11/2020,13:47,н346тк174,Мерседес,Юных Ленинцев,Новая Заря 7
01/11/2020,13:50,с306хт116,Шевреле,Юных Ленинцев,Новая Заря 7
01/11/2020,13:55,р889хо123,Кия,Северная,Новая Заря 7
01/11/2020,14:04,к536сн123,Кия,Конституции,Новая Заря 7
01/11/2020,14:09,е952ом174,Чери,Конституции,Новая Заря 7
01/11/2020,14:15,а621вт37,Лада,Гаражная,Времена года 11
01/11/2020,14:16,к545ев93,Нива,Воровского,Новая Заря 7
01/11/2020,14:17,о184хн123,Рено,Демократическая,Демократическая 18
01/11/2020,14:21,в748ро123,Хонда,Воровского,Новая Заря 7
01/11/2020,14:28,х544наАБХ,Тойота,Гаражная,Времена года 11
01/11/2020,14:29,н180рх123,Фольцваген,Воровского,Новая Заря 7
01/11/2020,14:34,с544ан138,Тойота,Воровского,Новая Заря 7
01/11/2020,14:48,е781хе123,Ауди,Воровского,Новая Заря 7
01/11/2020,14:51,н376ан799,Датцун,Воровского,Новая Заря 7
01/11/2020,14:59,к655ха93,Лада,Воровского,Новая Заря 7
01/11/2020,15:04,к215тв123,Тойота,Пушкина,Яна Фабрициуса 26 Б
01/11/2020,15:19,р877тн123,Тойота,Воровского,Орджоникидзе 36
01/11/2020,15:21,а153оа123,Лада,Воровского,Орджоникидзе 36
01/11/2020,15:22,р090кн123,Фольцваген,Олимпийская,Времена года 11
01/11/2020,15:25,м997ун26,Хайма,Пушкина,Яна Фабрициуса 26 Б
01/11/2020,15:27,х720ер777,Шевреле,Воровского,Орджоникидзе 36
01/11/2020,15:30,у444мр123,Тойота,Воровского,Орджоникидзе 36
01/11/2020,15:38,х090ут93,Хендай,Воровского,Орджоникидзе 36
01/11/2020,15:45,е698нр93,Мицубиси,Воровского,Орджоникидзе 36
01/11/2020,15:48,а209тм123,Кия,Олимпийская,Времена года 11
01/11/2020,16:06,т001ао93,Лендр Ровер,Несебрская,Орджоникидзе 36
01/11/2020,16:07,е197кх23,Тойота,Несебрская,Орджоникидзе 36
01/11/2020,16:08,к689ер18,Ауди,Демократическая,Демократическая 18
01/11/2020,16:10,м248тк26,Лада,Несебрская,Орджоникидзе 36
01/11/2020,16:14, 36  АС 411,Хонда,Демократическая,Демократическая 18
01/11/2020,16:16,а835ху27,Тойота,Несебрская,Орджоникидзе 36
01/11/2020,16:18,х612тс123,Кия,Демократическая,Демократическая 18
01/11/2020,16:34,х414мк123,Мерседес,Советская,Орджоникидзе 36
01/11/2020,16:35,т597су123,Субару,Пушкина,Яна Фабрициуса 26 Б
01/11/2020,16:39,к856тк123,Тойота,Навагинская,Орджоникидзе 36
01/11/2020,16:42,е301хв174,Мерседес,Навагинская,Орджоникидзе 36
01/11/2020,16:54,н515рх123,Кия,Воровского,Орджоникидзе 36
01/11/2020,16:54,к012хт123,БМВ,Воровского,Орджоникидзе 36
01/11/2020,16:55,е358уа161,Хендай,Омеловая,Времена года 11
01/11/2020,17:00,о581рх33,Ниссан,Воровского,Орджоникидзе 36
01/11/2020,17:03,т090нс72,БМВ,Пушкина,Яна Фабрициуса 26 Б
01/11/2020,17:14, 7041  IA - 3,Мазда,Ленина,Демократическая 18
01/11/2020,17:14,т900нн64,Тойота,Кирова,Демократическая 18
01/11/2020,17:20,м378ха123,Кия,Кирова,Демократическая 18
01/12/2020,09:29,н653хв93,Хонда,Советская,Орджоникидзе 36
01/12/2020,09:47,с882хт123,Шкода,Первомайская,Орджоникидзе 36
01/12/2020,09:58,н823ур123,Фольцваген,Первомайская,Орджоникидзе 36
01/12/2020,09:59,н063ху152,Мерседес,Первомайская,Орджоникидзе 36
01/12/2020,10:10,е530вм197,БМВ,Воровского,Орджоникидзе 36
01/12/2020,10:21,е024нх93,Сузуки,Роз,Орджоникидзе 36
01/12/2020,10:35,у114ху93,Ваз,Островского,Орджоникидзе 36
01/12/2020,10:39,м449ук123,Нива,Олимпийских рекордов,Времена года 11
01/12/2020,10:40,х003со123,Кия,Туапсинская,Новая Заря 7
01/12/2020,10:42,т138тм93,Лада,Островского,Орджоникидзе 36
01/12/2020,10:43,т536хс123,Фольцваген,Туапсинская,Новая Заря 7
01/12/2020,10:47,р309рм93,Газель,Островского,Орджоникидзе 36
01/12/2020,10:54,р311ос01,Мицубиси,Туапсинская,Новая Заря 7
01/12/2020,10:54,с454уе123,Хендай,Островского,Орджоникидзе 36
01/12/2020,10:58,е895хх93,Кия,Туапсинская,Новая Заря 7
01/12/2020,11:04,х380ее174,Тойота,Омеловая,Времена года 11
01/12/2020,11:05,к510ов23,Ваз,Пластунская,Новая Заря 7
01/12/2020,11:06,р735тм93,Чери,Навагинская,Орджоникидзе 36
01/12/2020,11:11,х062не123,Рено,Навагинская,Орджоникидзе 36
01/12/2020,11:12,т716ат123,Тойота,Пластунская,Новая Заря 7
01/12/2020,11:16,в867ав93,Ниссан,Юных Ленинцев,Новая Заря 7
01/12/2020,11:22,у979рр123,Хендай,Северная,Орджоникидзе 36
01/12/2020,11:30,у133хт123,Кия,Конституции,Новая Заря 7
01/12/2020,11:38,у526со23,Ваз,Кирова,Демократическая 18
01/12/2020,11:39,в283со123,Ниссан,Воровского,Новая Заря 7
01/12/2020,11:42,м253нв93,Инфинити,Воровского,Новая Заря 7
01/12/2020,11:48,а715ар18,Ситроен,Воровского,Орджоникидзе 36
01/12/2020,11:49,с858мх123,Хаймер,Воровского,Орджоникидзе 36
01/12/2020,11:50,р627хк123,Хендай,Воровского,Новая Заря 7
01/12/2020,11:51,т924ео142,Мицубиси,Турчинского,Времена года 11
01/12/2020,11:54,м842се123,Лексус,Советская,Новая Заря 7
01/12/2020,11:59,н992ро161,Шевроле,Советская,Новая Заря 7
01/12/2020,12:00,а911тн93,Опель,Молокова,Демократическая 18
01/12/2020,12:05,к687рм43,Рено,Горького,Новая Заря 7
01/12/2020,12:08,о911то777,Тойота,Турчинского,Времена года 11
01/12/2020,12:11,н567не26,Хонда,Навагинская,Новая Заря 7
01/12/2020,12:19,у628ао123,Тойота,Демократическая,Демократическая 18
01/12/2020,12:36,р303кс123,Мерседес,Вознесенская,Времена года 11
01/12/2020,12:55,е831не35,Хавал,Олимпийских рекордов,Времена года 11
01/12/2020,13:17,м793тх123,Фольцваген,Гаражная,Времена года 11
01/12/2020,13:32,е170нх33,Ситроен,Садовая,Демократическая 18
01/12/2020,13:47,с515ум123,Сузуки,Кирова,Демократическая 18
01/12/2020,13:48,р003мнАБХ,Лексус,Олимпийских рекордов,Времена года 11
01/12/2020,14:11,х635ет77,Лексус,Молокова,Демократическая 18
01/12/2020,14:12,м611тх199,Мицубиси,Кирова,Демократическая 18
01/12/2020,14:11,х559ео123,Шевроле,Кирова,Демократическая 18
01/12/2020,14:12,х869ха161,Лада,Демократическая,Демократическая 18
01/12/2020,14:13,т139ув123,Хендай,Олимпийских рекордов,Времена года 11
01/12/2020,14:30,е634ет154,Лада,Демократическая,Демократическая 18
01/12/2020,14:31,т551тв161,Опель,Курортный проспект,Орджоникидзе 36
01/12/2020,14:36,у060рр01,Лада,Демократическая,Демократическая 18
01/12/2020,14:40,а801нр126,Лада,Воровского,Орджоникидзе 36
01/12/2020,14:41,к942тт123,Кия,Кирова,Демократическая 18
01/12/2020,14:43,к471нт123,Тойота,Воровского,Орджоникидзе 36
01/12/2020,14:48,р088кв123,Хендай,Юных Ленинцев,Новая Заря 7
01/12/2020,14:54,м883от27,Тойота,Воровского,Орджоникидзе 36
01/12/2020,14:56,о446от93,Тойота,Северная,Новая Заря 7
01/12/2020,14:59,о959вс123,Мерседес,Демократическая,Демократическая 18
01/12/2020,15:00,о789рн123,Хендай,Воровского,Орджоникидзе 36
01/12/2020,15:02,у272ео123,Пежо,Северная,Новая Заря 7
01/12/2020,15:06,т770сс123,Пежо,Северная,Новая Заря 7
01/12/2020,15:10,р196сс123,Лифан,Олимпийских рекордов,Времена года 11
01/12/2020,15:12,в164ра102,Опель,Авиационная,Демократическая 18
01/12/2020,15:13,а766от92,Ниссан,Советская,Орджоникидзе 36
01/12/2020,15:18,а055еу138,Хендай,Навагинская,Орджоникидзе 36
01/12/2020,15:27,х555уу123,Тойота,Навагинская,Орджоникидзе 36
01/12/2020,15:28,т675хр123,Тойота,Демократическая,Демократическая 18
01/12/2020,15:30, 8906  AO  - 2,Акура,Роз,Новая Заря 7
01/12/2020,15:32,в681ем82,Шевроле,Роз,Новая Заря 7
01/12/2020,15:39,е342хн161,Кия,Воровского,Орджоникидзе 36
01/12/2020,15:40,в876ок163,Форд,Воровского,Орджоникидзе 36
01/12/2020,15:41,х691мк123,Опель,Конституции,Новая Заря 7
01/12/2020,15:44, BB  5345  CX,Фольцваген,Конституции,Новая Заря 7
01/12/2020,15:46,к098рм197,Фиат,Гаражная,Времена года 11
01/12/2020,15:59,н367ру123,Фольцваген,Конституции,Новая Заря 7
01/12/2020,16:05,н777мт97,БМВ,Несебрская,Новая Заря 7
01/12/2020,16:11,в907хн123,Кия,Гаражная,Времена года 11
01/12/2020,16:14,р594ру123,Фольцваген,Несебрская,Новая Заря 7
01/12/2020,16:21,е243ннАБХ,Хонда,Гаражная,Времена года 11
01/12/2020,16:56,ун234ун123,Лада,Новая Заря ,Новая Заря 7
01/12/2020,16:59,р776кн123,Сузуки,Новая Заря ,Новая Заря 7
01/12/2020,17:02,о989соАБХ,Лексус,Новая Заря ,Новая Заря 7
01/12/2020,17:05,н753вм123,Шевроле,Новая Заря ,Новая Заря 7
